Normal n1, Normal n2, Normal n3, Vertex1 x, Vertex1 y, Vertex1 z, Vertex2 x, Vertex2 y, Vertex2 z, Vertex3 x, Vertex3 y, Vertex3 z
1.000000e000,0.000000e000,0.000000e000,0.000000e000,1.000000e000,2.000000e000,0.000000e000,3.000000e000,2.000000e000,0.000000e000,4.000000e000,3.000000e000,
1.000000e000,0.000000e000,0.000000e000,0.000000e000,6.000000e000,9.000000e000,0.000000e000,3.000000e000,2.000000e000,0.000000e000,4.000000e000,3.000000e000,
1.000000e000,0.000000e000,0.000000e000,0.000000e000,6.000000e000,9.000000e000,0.000000e000,3.000000e000,2.000000e000,0.000000e000,4.000000e000,3.000000e000,
